{"cameraMode":{"drawMode":0,"name":"Shaded","section":"Shading Mode"},"sceneLighting":false,"audioPlay":false,"sceneViewState":{"m_AlwaysRefresh":false,"showFog":false,"showSkybox":false,"showFlares":false,"showImageEffects":false,"showParticleSystems":false,"showVisualEffectGraphs":true,"m_FxEnabled":true},"in2DMode":false,"pivot":{"x":0.2527785301208496,"y":5.775723457336426,"z":11.620170593261719},"rotation":{"x":-0.0008828070713207126,"y":0.9989929795265198,"z":-0.022790616378188134,"w":-0.03867931291460991},"size":13.404260635375977,"orthographic":false}